,RMSE,MAE,MAPE (%),R2
Train,32279.81168328084,24750.7774484828,215066.2410838068,0.9040386970084319
Test,63256.68571054362,55655.28173193526,516792.2003405911,-0.53147632528265
